condition,timepoint_hours,source_file,channel,g1_percent,s_percent,g2_m_percent,rmse,r_squared,warnings
AI,0,Specimen_001_AI_0_001.fcs,PI-A,66.20184543057007,22.404600144502737,11.393554424927197,113.03264737084997,0.874278079973744,
AI,24,Specimen_001_AI_24_002.fcs,PI-A,89.17793545365467,4.945816668733223e-07,10.822064051763663,115.2492116747159,0.9369289832684304,
AI,48,Specimen_001_AI_48_003.fcs,PI-A,93.4500640750134,1.7305497441952945e-06,6.549934194436855,178.48832310973944,0.8966937911349548,
AI,72,Specimen_001_AI_72_004.fcs,PI-A,96.67914253412563,3.3208572173026654,2.485717109299447e-07,315.85092483290657,0.5248985510078263,R-squared rendah; interpretasi fase perlu hati-hati.
AX,0,Specimen_001_AX_0_005.fcs,PI-A,63.99718381281998,21.86481145749167,14.138004729688353,120.00378886019126,0.8562154371918066,
AX,24,Specimen_001_AX_24_006.fcs,PI-A,69.77526456199284,15.348474359844467,14.876261078162688,120.54101959325284,0.868911229181092,
AX,48,Specimen_001_AX_48_007.fcs,PI-A,62.14112999050172,20.643078055385864,17.215791954112415,97.48038170720429,0.9030232465715595,
AX,72,Specimen_001_AX_72_008.fcs,PI-A,62.73993746973808,18.67903400180928,18.581028528452627,114.40329107538925,0.885138592393096,
